{
	"0":{
		"C1": "007",
		"C2": "108",
		"C3": "110",
		"C4": "210",
		"C5": "306",
		"Rank": 2
	},
	"1":{
		"C1": "202",
		"C2": "303",
		"C3": "207",
		"C4": "108",
		"C5": "205",
		"Rank": 1
	},
	"2":{
		"C1": "002",
		"C2": "103",
		"C3": "205",
		"C4": "011",
		"C5": "212",
		"Rank": 1
	},
	"3":{
		"C1": "109",
		"C2": "208",
		"C3": "007",
		"C4": "311",
		"C5": "010",
		"Rank": 5
	},
	"4":{
		"C1": "106",
		"C2": "109",
		"C3": "111",
		"C4": "112",
		"C5": "101",
		"Rank": 6
	},
	"5":{
		"C1": "112",
		"C2": "012",
		"C3": "002",
		"C4": "312",
		"C5": "202",
		"Rank": 7
	},
	"6":{
		"C1": "014",
		"C2": "303",
		"C3": "102",
		"C4": "002",
		"C5": "214",
		"Rank": 3
	},
	"7":{
		"C1": "012",
		"C2": "013",
		"C3": "211",
		"C4": "011",
		"C5": "312",
		"Rank": 3
	},
	"8":{
		"C1": "307",
		"C2": "207",
		"C3": "001",
		"C4": "007",
		"C5": "107",
		"Rank": 8
	},
	"9":{
		"C1": "313",
		"C2": "309",
		"C3": "311",
		"C4": "310",
		"C5": "312",
		"Rank": 9
	},
	"10":{
		"C1": "210",
		"C2": "004",
		"C3": "201",
		"C4": "013",
		"C5": "305",
		"Rank": 1
	},
	"11":{
		"C1": "110",
		"C2": "201",
		"C3": "310",
		"C4": "001",
		"C5": "210",
		"Rank": 7
	},
	"12":{
		"C1": "110",
		"C2": "213",
		"C3": "310",
		"C4": "001",
		"C5": "210",
		"Rank": 4
	},
	"13":{
		"C1": "313",
		"C2": "310",
		"C3": "311",
		"C4": "314",
		"C5": "312",
		"Rank": 10
	}
}
